date;month;hour;weather;num_territories_occupied;territory_id;total_female_presence;temperature;mean_umidity;TOA;GHI;BHI;DHI
02/fev;February;10;sunny;0;NA;0;25,2;62;5660165;3823430;2883504;939925
02/fev;February;11;sunny;2;MB_T3;2;26,2;67,5;8596688;6450022;5543185;906837
02/fev;February;12;sunny;0;NA;0;27,4;51;11003287;8352626;6991133;1361493
02/fev;February;13;sunny;0;NA;0;27,7;50;12774183;9876202;8304374;1571829
02/fev;February;16;sunny;0;NA;0;28,4;45;13213862;10199696;8383916;1815780
02/fev;February;14;sunny;3;MB_T2;3;28,2;50;13777548;10925656;9534306;1391350
02/fev;February;15;sunny;0;NA;0;28,3;46;13918632;10835533;9000631;1834902
03/fev;February;10;sunny;0;NA;0;25,9;61;5635973;3760454;2748056;1012398
03/fev;February;11;sunny;3;MB_T3;2;27,1;52;8556981;6242386;4974959;1267427
03/fev;February;12;sunny;0;NA;0;27,9;52;10987614;8376982;6998220;1378763
03/fev;February;13;sunny;3;MB_T4;2;28,2;58;12762074;9969951;8590022;1379929
03/fev;February;16;sunny;0;NA;0;27,9;50;13206932;10407747;9157913;1249833
03/fev;February;14;sunny;0;NA;0;28,3;51;13759261;10881028;9548488;1332539
03/fev;February;15;sunny;4;MB_T3;2;28,1;57;13911049;11030479;9742928;1287550
04/fev;February;10;sunny;0;NA;0;27;60;5612011;3739678;2735291;1004387
04/fev;February;11;sunny;4;MB_T3;0;27,9;53;8537292;6233082;5009455;1223627
04/fev;February;12;sunny;0;NA;0;28,5;53;10971890;8365799;7034961;1330838
04/fev;February;13;sunny;1;MB_T3;0;28,9;57;12749731;9944803;8568615;1376188
04/fev;February;16;sunny;0;NA;0;28,7;53;13199198;10374915;9123647;1251267
04/fev;February;14;sunny;0;NA;0;29;52;13749484;10839884;9462126;1377758
04/fev;February;15;sunny;6;MB_T6;1;28,8;56,42857143;13902844;10986354;9651509;1334845
05/fev;February;10;sunny;0;NA;0;27,2;65;5588277;3681951;2736291;945660
05/fev;February;11;sunny;4;MB_T3;3;28,4;52;8517706;6138229;4948277;1189952
05/fev;February;12;sunny;0;NA;0;29,2;58;10956106;8272632;7006542;1266090
05/fev;February;13;sunny;4;MB_T3;0;28,9;59;12737144;9889344;8699314;1190030
05/fev;February;16;sunny;0;NA;0;28,2;59;13190652;10356158;9373142;983016
05/fev;February;14;sunny;0;NA;0;29;58;13739265;10829363;9775347;1054017
05/fev;February;15;sunny;3;MB_T2;1;28,9;65;13894004;10988375;10005831;982544
06/fev;February;10;sunny;0;NA;0;27,2;61;5564769;3576239;2518051;1058187
06/fev;February;11;sunny;10;MD_T23;1;29;54;8498214;6015411;4664769;1350642
06/fev;February;12;sunny;0;NA;0;30,5;45;10940253;8095231;6519059;1576171
06/fev;February;13;sunny;3;MB_T2;0;29,6;62;12724299;9625408;7837010;1788398
06/fev;February;16;sunny;0;NA;0;27,6;60;13181282;10007046;8077510;1929536
06/fev;February;14;sunny;0;NA;0;30,5;50;13728593;10484951;8536328;1948623
06/fev;February;15;sunny;0;NA;0;28,7;58;13884515;10616100;8619614;1996486
07/fev;February;10;sunny;0;NA;0;27;61;5541483;3427421;2160261;1267160
07/fev;February;11;sunny;0;NA;0;28,6;56;8478809;5873079;4218107;1654972
07/fev;February;12;sunny;0;NA;0;29,5;50;10924318;8001625;6151222;1850403
07/fev;February;13;sunny;14;MB_T1;2;30,6;57;12711184;9607067;7701996;1905070
07/fev;February;16;sunny;0;NA;0;20,2;78;13171079;10056664;8080661;1976003
07/fev;February;14;sunny;0;NA;0;30,5;48;13717451;10536246;8651189;1885058
07/fev;February;15;sunny;0;NA;0;31,6;47;13874368;10690205;8781721;1908484
08/fev;February;10;sunny;0;NA;0;25,8;19;5518415;3471538;2306040;1165498
08/fev;February;11;sunny;3;MB_T1;0;25,1;74;8459482;5924783;4440247;1484536
08/fev;February;12;sunny;0;NA;0;26,2;62;10908290;8036288;6372390;1663899
08/fev;February;13;sunny;0;NA;0;27,5;54;12697784;9608444;7842801;1765642
08/fev;February;16;sunny;0;NA;0;25;80;13160033;10045489;8274536;1770953
08/fev;February;14;sunny;5;MB_T1;2;29,1;81,2;13705829;10506169;8695143;1811026
08/fev;February;15;sunny;0;NA;0;27,1;57;13863549;10655741;8843320;1812421
09/fev;February;10;sunny;0;NA;0;25,2;76;5495562;3523781;2463803;1059978
09/fev;February;11;sunny;0;NA;0;27;63;8440226;5982389;4647581;1334808
09/fev;February;12;sunny;7;MB_T1;0;27;68;10892158;8090288;6589645;1500643
09/fev;February;13;sunny;0;NA;0;27,2;57;12684088;9652104;8039148;1612956
09/fev;February;16;sunny;0;NA;0;23,5;75;13148137;10078174;8456596;1621578
09/fev;February;14;sunny;0;NA;0;26,7;62;13693712;10538700;8860638;1678061
09/fev;February;15;sunny;0;NA;0;22;78;13852045;10684609;9003814;1680795
10/fev;February;10;sunny;0;NA;0;26,6;63;5472918;3555472;2553635;1001837
10/fev;February;11;sunny;12;MA_T1;2;28,5;60;8421032;6035652;4790363;1245290
10/fev;February;12;sunny;0;NA;0;29,2;49;10875912;8174961;6828523;1346438
10/fev;February;13;sunny;0;NA;0;28,5;52;12670083;9774393;8422714;1351679
10/fev;February;16;sunny;0;NA;0;29,1;53;13135382;10176962;8651838;1525123
10/fev;February;14;sunny;0;NA;0;29,7;45;13681088;10692626;9384296;1308331
10/fev;February;15;sunny;9;MC_T5;1;30,2;64;13839847;10830637;9463603;1367034
11/fev;February;10;sunny;0;NA;0;26,1;60;5450480;3606554;2734361;872193
11/fev;February;11;sunny;5;MC_T10;0;26,7;66;8401892;6067263;4986930;1080332
11/fev;February;12;sunny;0;NA;0;28,5;50;10859539;8173896;6967444;1206452
11/fev;February;13;sunny;0;NA;0;28,7;47;12655757;9737377;8445861;1291515
11/fev;February;16;sunny;0;NA;0;29,2;45;13121760;10152952;8840358;1312593
11/fev;February;14;sunny;0;NA;0;29,7;46;13667946;10625725;9283284;1342441
11/fev;February;15;sunny;6;MA_T1;3;29,5;61,16666667;13826945;10768230;9418594;1349636
12/fev;February;10;sunny;0;NA;0;27,6;57;5428245;3563203;2570854;992349
12/fev;February;11;sunny;6;MA_T2;4;28,7;62;8382798;6039698;4817040;1222658
12/fev;February;12;sunny;0;NA;0;29,7;53;10843030;8165214;6844665;1320549
12/fev;February;13;sunny;0;NA;0;29,1;48;12641097;9745294;8410925;1334369
12/fev;February;16;sunny;0;NA;0;27,9;56;13107264;10154351;8834111;1320239
12/fev;February;14;sunny;0;NA;0;29,2;53;13654271;10646686;9343068;1303617
12/fev;February;15;sunny;0;NA;0;28;56;13813326;10786583;9488251;1298332
13/fev;February;10;sunny;0;NA;0;26,6;62;5406207;3508651;2545790;962861
13/fev;February;13;sunny;0;NA;0;29,7;50;5406207;3508651;2545790;962861
13/fev;February;11;sunny;6;MD_T22;0;28;70;8363741;5989982;4787260;1202723
13/fev;February;12;sunny;0;NA;0;29;62;10826373;8114061;6757540;1356522
13/fev;February;14;sunny;1;MD_T20;1;30,1;56;12626091;9676468;8201188;1475280
13/fev;February;15;sunny;0;NA;0;30,5;48;13640056;10559056;9004551;1554505
13/fev;February;16;sunny;0;NA;0;28,6;62;13798983;10687927;9092784;1595143
14/fev;February;10;sunny;0;NA;0;27,6;63;5384364;3389005;2254913;1134091
14/fev;February;11;sunny;11;MB_T1;3;29,2;48;8344716;5868196;4419007;1449189
14/fev;February;12;sunny;0;NA;0;29,7;60;10809559;8011915;6420897;1591018
14/fev;February;13;sunny;8;MD_T17;0;30,5;56;12610730;9610300;7996012;1614288
14/fev;February;16;sunny;0;NA;0;31;48;13075625;10017477;8338111;1679366
14/fev;February;14;sunny;0;NA;0;30,5;51;13625287;10525959;8948387;1577572
14/fev;February;15;sunny;0;NA;0;31,7;45;13783907;10665189;9066106;1599084
15/fev;February;10;sunny;0;NA;0;27,2;61;5362711;3440746;2462884;977862
15/fev;February;11;sunny;8;MD_T22;0;27,7;71;8325715;5903735;4670420;1233314
15/fev;February;12;sunny;0;NA;0;29,7;52;10792579;8018529;6638743;1379786
15/fev;February;13;sunny;8;MB_T1;3;30,2;58;12595002;9585428;8117451;1467977
15/fev;February;16;sunny;0;NA;0;29,7;51;13058469;9996260;8524663;1471597
15/fev;February;14;sunny;0;NA;0;30,5;49;13609954;10474154;8961740;1512414
15/fev;February;15;sunny;8;MB_T1;3;30,1;51;13768087;10614443;9100963;1513481
27/fev;February;10;sunny;1;MA_T3;0;27,5;60;5116664;3436281;2602495;833786
27/fev;February;11;sunny;3;MA_T3;0;28,6;58;8097277;5984487;4955968;1028519
27/fev;February;12;sunny;4;MA_T3;1;28,2;55;10572816;8144969;6968086;1176883
27/fev;February;13;sunny;3;MB_T2;2;29,2;49;12374371;9715009;8373705;1341303
27/fev;February;16;sunny;0;NA;0;29,5;45;12781814;10046009;8626823;1419187
27/fev;February;14;sunny;1;MB_T2;0;29,5;48;13378973;10584216;9107357;1476859
27/fev;February;15;sunny;1;MB_T2;0;30;49;13517990;10697753;9193843;1503909
28/fev;February;10;sunny;0;NA;0;26;61;5097178;3397693;2504071;893623
28/fev;February;11;sunny;1;MA_T3;0;28,2;49;8077999;5946646;4830611;1116035
28/fev;February;12;sunny;1;MB_T2;0;29;49;10552926;8115604;6858846;1256759
28/fev;February;13;sunny;3;MB_T2;0;29,7;49;12353088;9699272;8320915;1378358
28/fev;February;16;sunny;0;NA;0;31,1;35;12752854;10025643;8567467;1458176
28/fev;February;14;sunny;3;MA_T5;0;30;43;13355612;10579980;9117628;1462352
28/fev;February;15;sunny;0;NA;0;30,6;39;13492008;10691945;9202208;1489736
01/mar;March;10;sunny;0;NA;0;27,5;54;5077812;3492317;2801256;691061
01/mar;March;11;sunny;3;MA_T3;0;28;61;8058642;6013096;5145609;867487
01/mar;March;12;sunny;0;NA;0;29;48;10532750;8150865;7147957;1002908
01/mar;March;13;sunny;0;NA;0;29,5;48;12331322;9712449;8578757;1133692
01/mar;March;16;sunny;0;NA;0;31,5;36;12722998;9971791;8631519;1340273
01/mar;March;14;sunny;0;NA;0;31,6;39;13331592;10574921;9335512;1239409
01/mar;March;15;sunny;0;NA;0;30,7;38;13465228;10664419;9355429;1308990
09/mar;March;10;sunny;0;NA;0;25,4;75;4925930;3276399;2493153;783246
09/mar;March;11;sunny;0;NA;0;26,8;56;7899634;5776877;4775303;1001574
09/mar;March;12;sunny;3;MB_T2;0;27,5;64;10359982;7894474;6735620;1158854
09/mar;March;13;sunny;2;MB_T2;0;27,4;67;12139100;9426065;8126463;1299602
09/mar;March;16;sunny;0;NA;0;27,2;52;12453048;9611363;8085212;1526151
09/mar;March;14;sunny;2;MC_T8;0;27,5;43;13115562;10257589;8848193;1409396
09/mar;March;15;sunny;0;NA;0;27,4;51;13222677;10322313;8834979;1487333
16/mar;March;10;sunny;5;LBMA_T2;0;24,5;62;4793663;3182260;2361241;821020
16/mar;March;11;sunny;6;LBMC_T10;0;27;55;7751003;5699049;4678827;1020222
16/mar;March;12;sunny;8;LBMA_T1;2;27,5;51;10189594;7842220;6728512;1113709
16/mar;March;13;sunny;7;LBMA_T3.5;0;29,2;48;11943054;9402527;8245745;1156783
16/mar;March;14;sunny;0;NA;0;28,5;47;12891725;10258253;9095118;1163135
16/mar;March;15;sunny;0;NA;0;28,5;47;12891725;10258253;9095118;1163135
16/mar;March;16;sunny;0;NA;0;28,1;44;12970833;10332324;9177714;1154611
17/mar;March;10;sunny;0;NA;0;24,4;62;4774401;3178712;2396552;782160
17/mar;March;11;sunny;0;NA;0;25,9;56;7728558;5658178;4661501;996677
17/mar;March;12;sunny;14;LBMA_T3;1;26,8;57;10163643;7760562;6638553;1122008
17/mar;March;13;sunny;0;NA;0;27,4;52;11912881;9286664;8084586;1202077
17/mar;March;16;sunny;0;NA;0;26,1;56;12132313;9444943;8158591;1286351
17/mar;March;14;sunny;0;NA;0;28;51;12856693;10112529;8866897;1245631
17/mar;March;15;sunny;6;LBMB_T6;0;28;60;12932035;10166432;8890571;1275860
18/mar;March;10;sunny;4;LBMB_T8;0;24,8;72;4755361;3125739;2383390;742349
18/mar;March;11;sunny;9;LBMA_T1;2;26,2;66;7706396;5584263;4636341;947922
18/mar;March;12;sunny;9;LBMA_T4;0;27,7;64;10137283;7667529;6563403;1104126
18/mar;March;13;sunny;7;LBMA_T4;3;28,2;63;11882170;9174456;7919454;1255001
18/mar;March;16;sunny;0;NA;0;30;44;12089049;9303231;7761366;1541865
18/mar;March;14;sunny;5;LBMB_T6.5;2;28,7;64;12821987;9985801;8612016;1373785
18/mar;March;15;sunny;0;NA;0;29,2;44;12892571;10031038;8558337;1472700
19/mar;March;10;sunny;3;LBMC_T13;0;25,7;71;4736081;3085883;2261485;824399
19/mar;March;11;sunny;4;LBMA_T3;2;26,9;70;7683705;5542697;4477458;1065239
19/mar;March;12;sunny;10;LBMA_T4;2;27,7;70;10110511;7623471;6401569;1221902
19/mar;March;13;sunny;8;LBMC_T12;2;30,2;69;11850928;9124379;7777322;1347057
19/mar;March;16;sunny;0;NA;0;25,6;40;12045142;9232067;7670414;1561653
19/mar;March;14;sunny;6;LBMA_T3;0;31;60;12786191;9927698;8492212;1435487
19/mar;March;15;sunny;0;NA;0;30,7;29;12852455;9965402;8455920;1509482
20/mar;March;10;sunny;6;LBMB_T6.5;0;25,1;70;4716706;3085452;2330668;754785
20/mar;March;11;sunny;6;LBMA_T4;2;26,6;68;7660752;5534185;4578892;955293
20/mar;March;12;sunny;8;LBMB_T8;3;28,7;66;10083329;7612840;6534989;1077851
20/mar;March;13;sunny;11;LBMA_T5;1;29,2;61;11819159;9123478;7949897;1173582
20/mar;March;16;sunny;0;NA;0;26,5;70;12000610;9241013;7828916;1412097
20/mar;March;14;sunny;8;LBMA_T3;1;29,7;64;12749792;9939456;8704239;1235217
20/mar;March;15;sunny;0;NA;0;26,1;70;12811700;9980698;8663763;1316935
21/mar;March;10;sunny;5;LBMB_T8;0;27;77;1444306;702218;384164;318054
21/mar;March;11;sunny;6;LBMC_T13;0;27,6;74;4697230;3040016;2247035;792981
21/mar;March;12;sunny;10;LBMC_T13;1;29,1;74;7637532;5487451;4460224;1027227
21/mar;March;13;sunny;0;NA;0;29,7;44;10055739;7567604;6397385;1170220
21/mar;March;14;sunny;6;LBMB_T9;2;30,5;64;11786869;9074362;7802300;1272062
21/mar;March;15;sunny;0;NA;0;28,4;39;12712799;9884286;8547637;1336649
21/mar;March;16;sunny;0;NA;0;30,5;51;12770326;9921492;8515860;1405632
22/mar;March;10;sunny;3;LBMA_T1;0;25,9;68;4677649;3098214;2411965;686249
22/mar;March;11;sunny;7;LBMA_T5;0;27,4;70;7614045;5538911;4659907;879004
22/mar;March;12;sunny;8;LBMC_T13;0;28,5;67;10027740;7611387;6631463;979923
22/mar;March;13;sunny;0;NA;0;29,4;41;11754065;9117044;8091667;1025377
22/mar;March;16;sunny;0;NA;0;30,6;43;11909757;9225629;8136117;1089512
22/mar;March;14;sunny;0;NA;0;29,8;38;12675225;9925328;8886144;1039185
22/mar;March;15;sunny;0;NA;0;30,5;40;12728345;9962565;8901459;1061105
23/mar;March;10;sunny;3;LBMA_T1;0;25,8;68;4657957;3053057;2283358;769699
23/mar;March;11;sunny;7;LBMA_T1;1;26,7;66;7590290;5505944;4522415;983528
23/mar;March;12;sunny;6;LBMB_T7;1;27,7;66;9999339;7578559;6455922;1122638
23/mar;March;13;sunny;0;NA;0;28,2;50;11720754;9069913;7831270;1238644
23/mar;March;16;sunny;0;NA;0;30;34;11863479;9137710;7685881;1451829
23/mar;March;14;sunny;9;LBMA_T1;1;30,5;56;12637081;9862435;8541731;1320704
23/mar;March;15;sunny;0;NA;0;30,6;36;12685776;9886594;8492245;1394348
24/mar;March;10;sunny;4;LBMB_T9.5;0;25,4;69;4638151;3094042;2383469;710574
24/mar;March;11;sunny;5;LBMB_T9.5;0;27,1;58;7566264;5560427;4647486;912941
24/mar;March;12;sunny;8;LBMC_T13;4;28,7;60;9970536;7657287;6660226;997061
24/mar;March;13;sunny;8;LBMC_T13;10;29,6;52;11686946;9180157;8183004;997154
24/mar;March;16;sunny;0;NA;0;31,1;33;11816661;9258334;8183323;1075011
24/mar;March;14;sunny;8;LBMC_T13;0;29,6;55;12598383;9996267;9035245;961021
24/mar;March;15;sunny;0;NA;0;31;35;12642639;10023003;9035400;987603
25/mar;March;10;sunny;3;LBMA_T3;0;26,5;55;4618224;3107913;2472012;635901
25/mar;March;11;sunny;9;LBMA_T3;2;27,8;57;7541967;5568322;4754129;814193
25/mar;March;12;sunny;9;LBMC_T13;0;28,8;55;9941337;7652822;6732178;920644
25/mar;March;13;sunny;0;NA;0;29,6;40;11652648;9159915;8169830;990085
25/mar;March;16;sunny;0;NA;0;31;34;11769329;9225789;8113715;1112074
25/mar;March;14;sunny;0;NA;0;29,9;38;12559141;9962422;8931398;1031024
25/mar;March;15;sunny;0;NA;0;30,1;37;12598950;9985244;8912394;1072850
27/mar;March;10;sunny;3;LBMA_T4.5;0;27,7;65;4577993;3055181;2397286;657895
27/mar;March;11;sunny;6;LBMC_T12;1;28,7;61;7492557;5489774;4637256;852518
27/mar;March;12;sunny;5;LBMC_T12;4;29,2;60;9881761;7543669;6547585;996084
27/mar;March;13;sunny;0;NA;0;29,7;43;11582618;9021006;7891257;1129748
27/mar;March;16;sunny;0;NA;0;32,7;34;11673209;9018053;7617606;1400447
27/mar;March;14;sunny;5;LBMC_T12;0;30;56;12479087;9797819;8565790;1232029
27/mar;March;15;sunny;0;NA;0;32,5;33;12509995;9797475;8472864;1324611
28/mar;March;10;sunny;4;LBMB_T7;1;27,2;62;1338819;640623;333962;306661
28/mar;March;11;sunny;5;LBMA_T4.5;2;27,2;65;4557678;2925519;2107519;818001
28/mar;March;12;sunny;6;LBMA_T5;3;29;54;7467443;5338836;4263215;1075621
28/mar;March;13;sunny;0;NA;0;29,5;46;9851394;7360630;6069459;1291171
28/mar;March;14;sunny;5;LBMA_T2;2;30,2;63;11546906;8789838;7256325;1533513
28/mar;March;15;sunny;0;NA;0;31,2;41;12438306;9524789;7783788;1741001
28/mar;March;16;sunny;0;NA;0;30,5;43;12464769;9502855;7597013;1905842
30/mar;March;10;sunny;2;LBMB_T7;0;26,5;64;4516620;3047052;2396396;650656
30/mar;March;11;sunny;4;LBMB_T6;1;27,8;66;7416388;5506110;4684371;821740
30/mar;March;12;sunny;4;LBMB_T6;2;28,8;62;9789520;7587726;6668951;918775
30/mar;March;13;sunny;4;LBMB_T6;1;29,6;58;11474135;9095016;8111248;983768
30/mar;March;16;sunny;0;NA;0;30,1;33;11525764;9165627;8116801;1048826
30/mar;March;14;sunny;3;LBMB_T7;0;30;34;12355310;9896431;8876449;1019982
30/mar;March;15;sunny;0;NA;0;30,1;37;12372925;9921235;8878860;1042375
31/mar;March;10;sunny;1;LBMC_T9.5;0;27;56;4495862;3091459;2493842;597617
31/mar;March;11;sunny;4;LBMB_T7;1;28,5;62;7390441;5526017;4750361;775657
31/mar;March;12;sunny;4;LBMC_T9.5;3;29,1;59;9758018;7575259;6684151;891108
31/mar;March;13;sunny;5;LBMA_T5;4;30,6;60;11437092;9054703;8080182;974521
31/mar;March;16;sunny;0;NA;0;31,5;37;11475844;9033840;7901152;1132688
31/mar;March;14;sunny;3;LBMB_T6.5;1;30,2;59;12313123;9826973;8796073;1030899
31/mar;March;15;sunny;0;NA;0;31;35;12326344;9820212;8734902;1085310
01/abr;April;10;sunny;0;NA;0;27,7;53;4474643;2839161;2014586;824575
01/abr;April;11;sunny;0;NA;0;27,7;47;7363799;5226836;4130523;1096313
01/abr;April;12;sunny;0;NA;0;29,6;48;9725638;7253339;5998344;1254996
01/abr;April;13;sunny;4;LBMC_T9.5;4;29,7;65;11399052;8716046;7358610;1357436
01/abr;April;16;sunny;0;NA;0;31,1;40;11425006;8759857;7414673;1345183
01/abr;April;14;sunny;1;LBMC_T9.5;0;30,5;63;12269890;9485116;8070451;1414665
01/abr;April;15;sunny;0;NA;0;31,2;43;12278745;9500034;8089694;1410340
11/out;October;10;sunny;0;NA;0;28,5;51;6261066;4282957;3063144;1219813
11/out;October;11;sunny;0;NA;0;29,7;47;9013558;6666000;5235599;1430400
11/out;October;12;sunny;0;NA;0;31;41;11190273;8584975;7026550;1558424
11/out;October;13;sunny;0;NA;0;32,1;39;12642869;9876917;8214868;1662049
11/out;October;14;sunny;0;NA;0;32,2;39;13272377;10441086;8722995;1718091
11/out;October;15;sunny;1;LB_T3;0;31;37;13035968;10233714;8526269;1707445
11/out;October;16;sunny;0;NA;0;30,6;41;11949873;9270673;7641838;1628835
12/out;October;10;sunny;6;LB_T0;0;28,9;49;3164207;1866871;1248699;618172
12/out;October;11;sunny;3;LB_T10;0;31,2;47;6302821;4413277;3519985;893292
12/out;October;12;sunny;5;LB_T8;3;32,7;40;9052492;6769717;5801724;967994
12/out;October;13;sunny;3;LB_T11;1;33,7;40;11225819;8641169;7578245;1062924
12/out;October;14;sunny;5;LB_T3;3;33,7;42;12674692;9874928;8641593;1233335
12/out;October;16;sunny;3;LB_T1;0;33,7;41;13060387;10157809;8733485;1424324
12/out;October;15;sunny;3;LB_T1;2;34,7;41;13300404;10390365;9016870;1373494
13/out;October;10;sunny;0;NA;0;26,5;60;6343795;4240311;3002544;1237767
13/out;October;11;sunny;0;NA;0;28;54;9090594;6588069;5197194;1390875
13/out;October;12;sunny;5;LB_T12;3;30,1;56;11260531;8468655;7000850;1467806
13/out;October;16;sunny;0;NA;0;31,2;38;11991967;9102087;7580871;1521216
13/out;October;13;sunny;0;NA;0;33;35;12705732;9726423;8181658;1544765
13/out;October;15;sunny;0;NA;0;33,2;30;13084247;10057630;8486702;1570928
13/out;October;14;sunny;0;NA;0;31,2;42;13327740;10271476;8693191;1578285
01/nov;November;10;sunny;0;NA;0;26;69;6948096;4778323;3598924;1179399
01/nov;November;11;sunny;0;NA;0;27,1;66;9637936;7109087;5900424;1208663
01/nov;November;12;sunny;2;LB_T2;0;27,7;59;11782797;8934276;7346530;1587746
01/nov;November;16;sunny;1;LB_T7;0;28,7;54;12353054;9412003;7761373;1650629
01/nov;November;13;sunny;3;LB_T2;6;28,7;56;13171249;10154839;8538173;1616667
01/nov;November;15;sunny;1;LB_T7;0;29,2;53;13466295;10409187;8796340;1612847
01/nov;November;14;sunny;0;NA;0;29,4;55;13717903;10580298;8920219;1660078
06/nov;November;10;sunny;0;NA;0;26,5;59;7045068;5180482;4227743;952739
06/nov;November;11;sunny;3;LB_T0;0;28,5;52;9721758;7566654;6560366;1006288
06/nov;November;12;sunny;3;LB_T0;0;29;45;11824181;9451622;8399153;1052470
06/nov;November;16;sunny;0;NA;0;27,8;46;12395779;9901212;8651316;1249896
06/nov;November;13;sunny;4;LB_T2;1;30,7;35;13209141;10685610;9544542;1141068
06/nov;November;15;sunny;3;LB_T3;0;28,1;46;13504879;10923619;9680638;1242981
06/nov;November;14;sunny;3;LB_T3;0;27,9;47;13782352;11191868;9987167;1204701
07/nov;November;10;sunny;0;NA;0;26,1;46;7061115;5341089;4604297;736792
07/nov;November;11;sunny;3;LB_T10;1;27,2;43;9735406;7739058;6975443;763615
07/nov;November;12;sunny;3;LB_T0;0;28,7;39;11836152;9629891;8821151;808741
07/nov;November;16;sunny;0;NA;0;30,5;26;12409723;10060620;9037222;1023398
07/nov;November;13;sunny;3;LB_T10;2;29,7;46;13220276;10861343;9954619;906723
07/nov;November;15;sunny;1;LB_T10;0;30,2;28;13517036;11088003;10062914;1025089
07/nov;November;14;sunny;1;LB_T10;0;30,2;43;13793551;11362147;10376827;985320
08/nov;November;10;sunny;0;NA;0;24,7;51;7076041;5398190;4695078;703111
08/nov;November;11;sunny;1;LB_T10;0;26,7;56;9748021;7804075;7114067;690008
08/nov;November;12;sunny;4;LB_T2;1;28;56;11847225;9696455;8996404;700051
08/nov;November;16;sunny;0;NA;0;30,7;27;12423535;10138937;9280985;857952
08/nov;November;13;sunny;3;LB_T10;0;28,5;56;13230682;10926624;10158463;768160
08/nov;November;15;sunny;2;LB_T3;0;30,5;56;13528861;11156017;10303745;852272
08/nov;November;14;sunny;2;LB_T10;0;29,7;56;13804214;11425723;10604097;821626
09/nov;November;11;sunny;3;LB_T0;0;29,2;54;4029980;2811541;2331387;480154
09/nov;November;10;sunny;0;NA;0;26,5;44;7089847;5453113;4852952;600161
09/nov;November;12;sunny;1;LB_T3;0;30,6;44;11857406;9713840;9011418;702422
09/nov;November;16;sunny;0;NA;0;33;20;12437225;10162509;9226198;936312
09/nov;November;13;sunny;2;LB_T3;2;31,2;38;13240369;10947747;10161239;786508
09/nov;November;15;sunny;2;LB_T3;0;32,7;36;13540364;11183250;10274851;908398
09/nov;November;14;sunny;2;LB_T3;1;32,2;43;13814351;11451678;10595258;856421
10/nov;November;10;sunny;1;LB_T3;0;30,5;32;7102535;5271053;4549972;721082
10/nov;November;11;sunny;1;LB_T3;0;31,2;27;9770175;7594815;6792038;802777
10/nov;November;12;sunny;1;LB_T3;0;32,5;25;11866708;9431779;8531397;900382
10/nov;November;16;sunny;0;NA;0;33,7;24;12450801;9845124;8663520;1181604
10/nov;November;13;sunny;1;LB_T3;3;33;28;13249347;10630762;9594931;1035831
10/nov;November;15;sunny;1;LB_T3;0;33,6;23;13551556;10842720;9639252;1203468
10/nov;November;14;sunny;1;LB_T3;0;33,6;25;13823975;11111497;9957871;1153625
11/nov;November;10;sunny;1;LB_T3;0;31;29;7114109;5260732;4476022;784709
11/nov;November;11;sunny;1;LB_T3;0;32;26;9779729;7602075;6712744;889332
11/nov;November;12;sunny;1;LB_T3;0;32,5;26;11875138;9460388;8483990;976398
11/nov;November;16;sunny;0;NA;0;33,2;23;12464271;9916619;8745390;1171229
11/nov;November;13;sunny;1;LB_T3;0;33;24;13257632;10679929;9615309;1064620
11/nov;November;15;sunny;1;LB_T3;0;35,1;20;13562449;10917135;9749517;1167618
11/nov;November;14;sunny;1;LB_T3;0;32,7;22;13833098;11178187;10047241;1130947
12/nov;November;10;sunny;1;LB_T3;0;32,2;33;7124575;5269900;4543194;726706
12/nov;November;11;sunny;1;LB_T3;0;33,5;22;9788279;7586330;6766334;819996
12/nov;November;12;sunny;1;LB_T3;0;34,5;22;11882711;9421786;8501634;920152
12/nov;November;16;sunny;0;NA;0;35,7;19;12477644;9823779;8515251;1308529
12/nov;November;13;sunny;1;LB_T3;0;35,5;21;13265233;10623584;9576990;1046595
12/nov;November;15;sunny;1;LB_T3;0;36,2;20;13573054;10835908;9589440;1246467
12/nov;November;14;sunny;1;LB_T3;0;36,2;19;13841735;11109015;9954343;1154672
13/nov;November;11;sunny;1;LB_T3;0;34,2;26;9795836;7455760;6538156;917604
13/nov;November;12;sunny;1;LB_T3;0;35;24;11889438;9282061;8294657;987404
13/nov;November;16;sunny;0;NA;0;37,5;20;12490925;9740660;8473247;1267413
13/nov;November;10;sunny;1;LB_T3;0;33,2;28;13091887;10051975;8457844;1594131
13/nov;November;13;sunny;1;LB_T3;0;35,6;23;13272167;10484791;9390862;1093930
13/nov;November;15;sunny;1;LB_T3;0;37,2;20;13583381;10725673;9485500;1240173
13/nov;November;14;sunny;1;LB_T3;0;34,9;29;13849896;10980046;9800843;1179203
14/nov;November;10;sunny;1;LB_T3;0;33,6;38;7142205;5140170;4212247;927923
14/nov;November;11;sunny;1;LB_T3;0;35,5;30;9802409;7465392;6469138;996253
14/nov;November;12;sunny;1;LB_T3;0;36,5;23;11895333;9308635;8251671;1056964
14/nov;November;16;sunny;0;NA;0;38;21;12504124;9781198;8543514;1237684
14/nov;November;13;sunny;1;LB_T3;0;37,7;21;13278445;10518951;9372047;1146905
14/nov;November;15;sunny;1;LB_T3;0;38;19;13593442;10766243;9521837;1244406
14/nov;November;14;sunny;1;LB_T3;0;37,6;20;13857596;11018782;9806059;1212723
15/nov;November;10;sunny;1;LB_T3;0;33;37;7149385;5106914;4179306;927608
15/nov;November;11;sunny;1;LB_T4;0;34,6;30;9808011;7370914;6282825;1088090
15/nov;November;12;sunny;1;LB_T1;0;35,6;28;11900409;9186497;7992357;1194140
15/nov;November;16;sunny;0;NA;0;37,2;21;12517246;9696879;8350995;1345883
15/nov;November;13;sunny;1;LB_T2;0;36,5;25;13284083;10405237;9143684;1261552
15/nov;November;15;sunny;1;LB_T4;0;37,5;23;13603247;10676346;9346722;1329624
15/nov;November;14;sunny;1;LB_T3;0;37;24;13864847;10918667;9618456;1300211
16/nov;November;11;sunny;2;LB_T4;0;32,2;39;9812654;7314711;6063262;1251449
16/nov;November;12;sunny;2;LB_T4;0;33,7;34;11904680;9155596;7794197;1361399
16/nov;November;10;sunny;2;LB_T1;0;30,2;46;12174913;9618378;8486204;1132174
16/nov;November;16;sunny;0;NA;0;35,2;32;12530299;9621658;7895459;1726199
16/nov;November;13;sunny;2;LB_T4;0;35;30;13289095;10361064;8861388;1499677
16/nov;November;15;sunny;0;NA;0;36,1;29;13612806;10608843;8924708;1684135
16/nov;November;14;sunny;1;LB_T4;0;36,2;24;13871664;10861019;9255461;1605558
17/nov;November;10;sunny;1;LB_T4;0;32;42;7160519;5062413;4091291;971122
17/nov;November;11;sunny;1;LB_T4;0;33,5;39;9816350;7380851;6393560;987290
17/nov;November;12;sunny;1;LB_T4;0;34,7;36;11908160;9216627;8191744;1024883
17/nov;November;16;sunny;0;NA;0;36,7;23;12543287;9710236;8388138;1322098
17/nov;November;13;sunny;1;LB_T4;0;35;31;13293496;10419312;9280638;1138674
17/nov;November;15;sunny;0;NA;0;36,5;23;13622131;10679805;9386478;1293327
17/nov;November;14;sunny;1;LB_T4;0;37,2;25;13878058;10922186;9691452;1230735
18/nov;November;10;sunny;1;LB_T4;0;33;39;7164493;5124240;4194247;929994
18/nov;November;11;sunny;1;LB_T4;0;34,7;33;9819113;7426119;6450374;975746
18/nov;November;12;sunny;1;LB_T4;0;35;32;11910865;9263383;8268752;994630
18/nov;November;16;sunny;0;NA;0;36,5;29;12556221;9825114;8809994;1015120
18/nov;November;13;sunny;1;LB_T4;0;36,2;31;13297301;10489524;9464862;1024662
18/nov;November;15;sunny;0;NA;0;37,1;28;13631232;10786654;9759089;1027565
18/nov;November;14;sunny;1;LB_T4;0;36,7;28;13884045;11014670;9983912;1030759
21/nov;November;10;sunny;0;NA;0;25,2;74;7170160;4744987;3089145;1655843
21/nov;November;11;sunny;0;NA;0;26;70;9821934;6986246;4930135;2056112
21/nov;November;12;sunny;1;LB_T4;0;28;59;11914476;8805533;6517524;2288009
21/nov;November;16;sunny;0;NA;0;28,7;59;12594741;9449710;7186276;2263434
21/nov;November;13;sunny;3;LB_T4;2;28,2;57;13305287;10042532;7670815;2371716
21/nov;November;15;sunny;0;NA;0;29;54;13657294;10379692;8034618;2345074
21/nov;November;14;sunny;0;NA;0;30;51;13899690;10582675;8201689;2380985
22/nov;November;10;sunny;1;LB_T2;0;28,3;50;7169999;5070432;4111074;959359
22/nov;November;11;sunny;0;NA;0;28,5;52;9821097;7323203;6226211;1096992
22/nov;November;12;sunny;0;NA;0;29,7;50;11914229;9121569;7903868;1217700
22/nov;November;16;sunny;0;NA;0;31,1;45;12607510;9680496;8255000;1425497
22/nov;November;13;sunny;0;NA;0;30;48;13306855;10319609;8977738;1341872
22/nov;November;15;sunny;0;NA;0;29,1;55;13665603;10606205;9138051;1468153
22/nov;November;14;sunny;0;NA;0;30,1;49;13904178;10824883;9385424;1439460
23/nov;November;10;sunny;2;LB_T2;0;30,5;41;7168833;4915011;3557429;1357582
23/nov;November;11;sunny;2;LB_T2;0;30,7;43;9819393;7144249;5424481;1719768
23/nov;November;12;sunny;2;LB_T2;1;31,5;41;11913280;8947328;6975889;1971439
23/nov;November;16;sunny;0;NA;0;32,5;39;12620253;9566736;7430214;2136522
23/nov;November;13;sunny;2;LB_T2;0;32,5;39;13307903;10168679;8047512;2121166
23/nov;November;15;sunny;0;NA;0;32,1;45;13673740;10488330;8266522;2221809
23/nov;November;14;sunny;0;NA;0;32;45;13908325;10694176;8478491;2215685
24/nov;November;10;sunny;1;LB_T0;1;27,5;65;7166671;4986507;3784681;1201826
24/nov;November;11;sunny;1;LB_T0;1;29,6;52;9816837;7229571;5774490;1455081
24/nov;November;12;sunny;1;LB_T0;0;31,7;44;11911646;9027192;7353228;1673964
24/nov;November;16;sunny;0;NA;0;33,7;38;12632975;9637520;7740139;1897381
24/nov;November;13;sunny;0;NA;0;32,6;43;13308442;10232480;8351954;1880527
24/nov;November;15;sunny;0;NA;0;34;37;13681715;10541940;8499594;2042346
24/nov;November;14;sunny;0;NA;0;32;43;13912142;10745468;8708503;2036965
29/nov;November;10;sunny;0;NA;0;24;67;7141312;5005141;3938683;1066458
29/nov;November;11;sunny;0;NA;0;24,2;69;9791741;7258556;6044428;1214128
29/nov;November;12;sunny;0;NA;0;25,6;62;11893699;9077819;7776750;1301069
29/nov;November;13;sunny;0;NA;0;25,6;63;11893699;9077819;7776750;1301069
29/nov;November;14;sunny;0;NA;0;27,7;56;13304042;10313942;8960170;1353772
29/nov;November;16;sunny;0;NA;0;26,7;60;13719498;10685536;9319147;1366389
29/nov;November;15;sunny;0;NA;0;27,2;60;13926755;10866090;9491171;1374919
30/nov;November;10;sunny;0;NA;0;28;56;7133416;4978358;3856732;1121627
30/nov;November;11;sunny;1;LB_T18;0;39;48;9784359;7241851;5978114;1263737
30/nov;November;12;sunny;1;LB_T3;0;30,1;45;11888260;9062167;7693483;1368684
30/nov;November;16;sunny;0;NA;0;30,7;43;12709207;9793973;8437911;1356063
30/nov;November;13;sunny;1;LB_T3;0;31,2;43;13301843;10293541;8817398;1476143
30/nov;November;15;sunny;0;NA;0;30,5;43;13726699;10669495;9160154;1509341
30/nov;November;14;sunny;0;NA;0;32;38;13928868;10841174;9290237;1550937
12/dez;December;10;sunny;6;LB_T18;0;28,2;53;6973082;4919846;4043133;876714
12/dez;December;11;sunny;0;NA;0;29,5;52;9642612;7233674;6435932;797742
12/dez;December;12;sunny;0;NA;0;30,1;43;11782888;9097522;8306003;791519
12/dez;December;16;sunny;0;NA;0;32,2;39;12862916;10010830;8759214;1251616
12/dez;December;13;sunny;2;LB_T3;1;31,7;39;13248134;10368971;9434688;934284
12/dez;December;15;sunny;0;NA;0;32;37;13807151;10850425;9682382;1168042
12/dez;December;14;sunny;0;NA;0;33,2;40;13938555;10971841;9912654;1059187
13/dez;December;10;sunny;0;NA;0;26,2;63;6954834;4957054;4103854;853199
13/dez;December;11;sunny;2;LB_T8;0;27,5;60;9626954;7241395;6241995;999400
13/dez;December;12;sunny;0;NA;0;28,5;51;11771300;9107197;8001896;1105301
13/dez;December;16;sunny;0;NA;0;31,6;43;12875718;10032173;8678383;1353790
13/dez;December;13;sunny;2;LB_T18;5;30,7;47;13241815;10395957;9209182;1186774
13/dez;December;15;sunny;0;NA;0;30,2;45;13813463;10883715;9582930;1300784
13/dez;December;14;sunny;0;NA;0;31,7;44;13938344;11007853;9765180;1242672
14/dez;December;10;sunny;0;NA;0;26,7;59;6935967;5017956;4190113;827844
14/dez;December;11;sunny;1;LB_T18;1;28,7;53;9610828;7376279;6587297;788982
14/dez;December;12;sunny;1;LB_T18;0;29,2;47;11759385;9287811;8523555;764257
14/dez;December;13;sunny;0;NA;0;30,6;41;13235291;10599595;9787883;811711
14/dez;December;14;sunny;0;NA;0;30;46;13938018;11231409;10389165;842243
14/dez;December;15;sunny;0;NA;0;31,5;39;13819719;11122573;10265214;857359
14/dez;December;16;sunny;0;NA;0;32;37;12888484;10281689;9425546;856143
